chunks,vectors
"Podnosilac/ka žalbe: _____________________ ,______________________ 
Protiv: _____________________ 

Sporni sertifikat: _____________________ 

U skladu sa članom 125 Zakona br. 05/L-031 o opštem upravnom postupku, podnosilac žalbe podnosi sledeću:

ŽALBA
Zbog kršenja odredbi _____________________ , kao i zbog pogrešne procene činjeničnog stanja _________ .

OBRAZLOŽENJE

__________________________

.

__________________________



Zbog svega navedenog, podnosilac žalbe traži od ____________ , da nakon razmatranja svih činjenica, dokaza, i po potrebi inspekcije na terenu, donese sledeću:

ODLUKU
I. U POTPUNOSTI SE USVAJA kao osnovana žalba ____________________ , iz _______________  sa adresom na ______________________ .

II. NALAŽE SE __________________  da izmeni sertifikat  od ..____.

III. NALAŽE SE da ______ odobri ________________ .

__________________________

Podnosilac/ka žalbe,
__________________________ 
____________________ 
_____________________ (potpis)
____________________","[0.028456944972276688, -0.0493132658302784, -0.01254232693463564, 0.003900832263752818, -0.030169030651450157, 0.024384254589676857, 0.001956901280209422, 0.030558140948414803, -0.008709589019417763, -0.037769656628370285, 0.024643663316965103, -0.00454610725864768, -0.00542160589247942, -0.02500683255493641, -0.023515241220593452, 0.008910629898309708, -0.02840506285429001, -0.008359389379620552, 0.025746142491698265, 0.0205061212182045, -0.052011098712682724, -0.01416362076997757, 0.02088226191699505, 0.030947251245379448, 0.03655044361948967, 0.0018790792673826218, -0.015486596152186394, 0.01405985839664936, -0.029416751116514206, 0.021362164989113808, -0.025875845924019814, 0.013657777570188046, 0.011232322081923485, 0.0005325949168764055, 0.045292455703020096, 0.0025162475649267435, 0.03159577026963234, -0.031051015481352806, -0.012873071245849133, 0.01322975568473339, -0.0054637594148516655, -0.027133969590067863, -0.014552731066942215, 0.032918743789196014, 0.00016425730427727103, 0.0066862148232758045, -0.012218068353831768, -0.010071475990116596, -0.032088641077280045, -0.01252935640513897, -0.019987307488918304, -0.0036122421734035015, -0.015888677909970284, -0.0314401239156723, 0.04643384739756584, 0.02586287446320057, 0.007600624114274979, 0.030065268278121948, -0.051051292568445206, 0.012970348820090294, -0.05504615977406502, 0.014889960177242756, -0.0357203409075737, 0.011024796403944492, -0.004338581580668688, 0.007613594643771648, 0.023904353380203247, 0.01909235306084156, -0.0045720478519797325, 0.010499496944248676, 0.007516317069530487, -0.03590192645788193, -0.010142812505364418, -0.010784844867885113, -0.03836629167199135, 0.012263464741408825, 0.005139500834047794, 0.03514964506030083, 0.015071544796228409, 0.010019594803452492, 0.012600693851709366, 0.00852800440043211, 0.047730881720781326, 0.02900169976055622, -0.02503277361392975, -0.023554153740406036, -0.008087011985480785, -0.06952106952667236, -0.010304941795766354, -0.030558140948414803, 0.04599285498261452, -0.005314600188285112, -0.0073541877791285515, 0.011867868714034557, 0.037069257348775864, -0.010246575810015202, -0.008099982514977455, -0.012107820250093937, -0.050324954092502594, -0.034656770527362823, 0.0032117825467139482, -0.01700412668287754, -0.052815258502960205, 0.011796532198786736, 0.005068163853138685, 0.002016889164224267, 0.00827508233487606, -0.016212936490774155, -0.009766672737896442, 0.046900779008865356, -0.03831440955400467, 0.004208878148347139, 0.02367088571190834, -0.01569412276148796, -0.02241276204586029, -0.02581099420785904, -0.026796739548444748, -0.038677580654621124, 0.02728961408138275, 0.02380058914422989, -0.019507404416799545, -0.0515701062977314, 0.04806811362504959, 0.0027286370750516653, -0.009857464581727982, 0.01871621236205101, 0.029624275863170624, 0.02313910238444805, -0.011504699476063251, 0.010687567293643951, 0.006433292757719755, 0.003391746198758483, -0.015343922190368176, -0.0011697632726281881, -0.02897575870156288, 0.039403919130563736, -0.024358315393328667, -0.02535703219473362, 0.017017098143696785, 0.011362025514245033, -0.018534628674387932, -0.04557780548930168, 0.006433292757719755, 0.0027594417333602905, 0.01786017045378685, -0.018223339691758156, 0.02988368272781372, -0.05328219383955002, -0.006764036603271961, -0.007853546179831028, 0.021336223930120468, -0.017419178038835526, 0.036031629890203476, 0.01834007352590561, 0.05395665019750595, -0.006290619261562824, -0.018949680030345917, -0.008456666953861713, 0.033541321754455566, 0.0218809787184, -0.027730604633688927, -0.022905636578798294, -0.03984491154551506, 0.0038392231799662113, -0.0025632651522755623, -0.02671891823410988, 0.009688850492238998, -0.026900503784418106, -0.03255557641386986, 0.02543485350906849, -0.014539760537445545, -0.03227022662758827, 0.01952037401497364, -0.0009176521562039852, -0.0013586439890787005, 0.0031031558755785227, 0.05050653591752052, 0.07834090292453766, -0.006809432990849018, 0.01286658551543951, -0.02286672405898571, 0.016342639923095703, 0.021517807617783546, -0.04054531082510948, -0.06931354105472565, -0.025175446644425392, 0.025292180478572845, -0.03670608624815941, 0.013372429646551609, 0.008249142207205296, 0.009844494983553886, -0.010732963681221008, -0.010019594803452492, -0.013113022781908512, 0.03805500268936157, 0.011919750832021236, 0.002062285551801324, -0.014825108461081982, -0.01036330871284008, -0.014267383143305779, 0.0007352566462941468, -0.022698109969496727, -0.003865164006128907, 0.03662826493382454, 0.009591572917997837, 0.021751275286078453, 0.0038781343027949333, -0.018897797912359238, 0.0016561513766646385, -0.0160962026566267, 0.009636969305574894, -0.021271372213959694, 0.036913610994815826, 0.025447824969887733, 0.009163551032543182, 0.006468961481004953, 0.0014437619829550385, -0.009468354284763336, -0.02297048829495907, -0.029520513489842415, -0.014267383143305779, -0.01796393282711506, 0.012004057876765728, 0.025720201432704926, 0.013067626394331455, 0.012367227114737034, 0.02118057943880558, 0.014864019118249416, -0.02168642356991768, 0.038573816418647766, -0.011290688067674637, -0.0076849316246807575, -0.041946109384298325, -0.01116747036576271, -0.009001421742141247, 0.0004243736038915813, -0.023424450308084488, 0.008236171677708626, 0.031232599169015884, -0.0191182941198349, -0.005969603080302477, 0.015395804308354855, -0.010888608172535896, -0.008599340915679932, -0.014423027634620667, -0.009507265873253345, -0.011790047399699688, 0.05169980973005295, 0.003962441347539425, -0.01625184714794159, -0.009669395163655281, 0.029598334804177284, -0.01543471496552229, 0.03273715823888779, 0.007821120321750641, 0.007159632630646229, 0.03727678209543228, -0.02077849768102169, 0.028820114210247993, -0.016186995431780815, 0.02651139348745346, 0.022321969270706177, -0.030091209337115288, 0.02198474109172821, 0.020921172574162483, -0.017315415665507317, 0.03468271344900131, -0.01652422361075878, -0.02374870888888836, -0.061790741980075836, -0.02271108143031597, 0.004432616755366325, 0.007438494823873043, 0.00028636096976697445, -0.0015977848088368773, 0.029468631371855736, -0.01954631507396698, 0.03265933692455292, -0.0008811730658635497, 0.03753618896007538, 0.0023281776811927557, -0.01370965875685215, 0.01104425173252821, 0.015253130346536636, -0.013956095091998577, 9.104576747631654e-05, 0.012490445747971535, -0.038703519850969315, -0.003463083179667592, 0.013774510473012924, -0.030947251245379448, 0.013748569414019585, -0.023515241220593452, -0.05138852074742317, -0.004429373890161514, 0.002016889164224267, 0.013372429646551609, -0.0042802151292562485, 0.027133969590067863, -0.009468354284763336, 0.008495578542351723, -0.01828819140791893, -0.02669297717511654, -0.0033949888311326504, -0.027678724378347397, 0.02621307410299778, -0.029390810057520866, 0.03439736366271973, -0.015603329055011272, 0.01708194985985756, 0.010071475990116596, -0.0011527397437021136, 0.03335973620414734, -0.03564251959323883, -0.027704665437340736, 0.008592856116592884, -0.02254246547818184, -0.013774510473012924, 0.01369668822735548, -0.014695405028760433, 0.001143822679296136, 0.025901786983013153, -0.036135390400886536, 0.007036413997411728, 0.00793785322457552, -0.0283013004809618, -0.0027659267652779818, 0.010758903808891773, -0.03239993005990982, -0.03582410141825676, -0.02618713304400444, 0.02256840653717518, -0.00931919552385807, 0.03813282400369644, -0.012723912484943867, 0.00771087221801281, -0.023878412321209908, -0.03333379700779915, -0.02744525857269764, -0.009922316297888756, -0.0029523756820708513, 0.0017704525962471962, -0.0661487802863121, -0.013735598884522915, 0.00448449794203043, 0.020532062277197838, -0.01083024125546217, -0.046018797904253006, 0.013067626394331455, 0.016005409881472588, 0.0005946094170212746, -0.02739337645471096, 0.04900197684764862, 0.030532199889421463, 0.06345094740390778, -0.02669297717511654, -0.034656770527362823, -0.04173858091235161, -0.003297711256891489, 0.0442807711660862, 0.00795082375407219, 0.018301162868738174, -0.02664109691977501, 0.03821064531803131, 0.004276972264051437, -0.02321692369878292, -0.02583693526685238, 0.0654224380850792, -0.013177874498069286, 0.0026799982879310846, -0.027082087472081184, 0.008761470206081867, 0.02083037979900837, -0.009001421742141247, -0.07102563232183456, 0.008975481614470482, 0.02495495043694973, -0.0069780475459992886, 0.03338567912578583, 0.025603467598557472, 0.06122004613280296, -0.05546120926737785, 0.031102895736694336, -0.024643663316965103, -0.025149505585432053, 0.010220634751021862, 0.0020525576546788216, -0.010557863861322403, 0.022347910329699516, -0.004082417115569115, -0.017821259796619415, 0.023126130923628807, 0.031128836795687675, -0.016394520178437233, -0.04731583222746849, 0.04329502210021019, 0.036861732602119446, -0.01662798784673214, 0.05061030015349388, 0.004478012677282095, 0.021699393168091774, -0.03403419628739357, -0.03935203701257706, -0.0012402895372360945, -0.029728038236498833, -0.004811999388039112, 0.016965216025710106, -0.019260967150330544, 0.008093497715890408, -0.026744859293103218, -0.024085937067866325, 0.02284078486263752, 0.023437419906258583, -0.01370965875685215, -0.003780856728553772, -0.006206311751157045, 0.017950963228940964, 0.015279070474207401, -0.018002843484282494, -0.012749852612614632, 0.03712113946676254, 0.012970348820090294, -0.026874562725424767, 0.010408705100417137, -0.010719993151724339, 0.03398231416940689, -0.016031350940465927, 0.01879403553903103, -0.01745808869600296, -0.024617722257971764, 0.0101233571767807, 0.028742292895913124, 0.01678363047540188, 0.018093636259436607, 0.015642240643501282, 0.036239154636859894, -0.011673313565552235, 0.0025973122101277113, -0.017743436619639397, -0.012834159657359123, 0.009507265873253345, -0.0016407491639256477, 0.019637107849121094, 0.008521518670022488, 0.022347910329699516, -0.006553268525749445, 0.008904144167900085, 0.015240159817039967, -0.01627778820693493, 0.014306294731795788, -0.01667986810207367, 0.018301162868738174, -0.02110275812447071, -0.0073930989019572735, 0.005321085453033447, 0.00998716801404953, -0.07429415732622147, 0.017950963228940964, -0.0021644269581884146, 0.015979468822479248, -0.012509901076555252, -0.0034728108439594507, 0.01542174443602562, -0.020765528082847595, 0.018703242763876915, 0.019273938611149788, -0.02983180247247219, -0.012496930547058582, 0.028093775734305382, 0.06837967783212662, -0.0027351223398, 0.029520513489842415, 0.018119577318429947, -0.0034144443925470114, -0.009889890439808369, -0.003054517088457942, -0.02233494073152542, -0.031310420483350754, 0.01460461225360632, -0.0030853217467665672, -0.02067473530769348, 0.021842068061232567, 0.03805500268936157, -0.005032495129853487, 0.03188111633062363, 0.010570834390819073, 0.030194971710443497, -0.009157066233456135, -0.03756212815642357, -0.005992301274091005, -0.0316995307803154, -0.01710788905620575, -0.022698109969496727, 0.013048171065747738, 0.013891243375837803, 0.027626842260360718, -0.006789977662265301, -0.0011146393371745944, 0.023683857172727585, 0.013917184434831142, -0.03935203701257706, 0.008592856116592884, 0.0043483092449605465, -0.03888510540127754, 0.008573400788009167, -0.00933216605335474, -0.011712225154042244, 0.017743436619639397, -0.0013051413698121905, 0.022451672703027725, 0.0324518121778965, -0.01828819140791893, -0.004552592523396015, -0.02822347916662693, 0.005645344033837318, 0.01542174443602562, 0.011550095863640308, -0.03971520811319351, 0.014656494371592999, 0.031984880566596985, -0.02664109691977501, 0.00013669532199855894, -0.019766811281442642, -0.03273715823888779, -0.005898266099393368, -0.030402496457099915, 0.03356726095080376, -0.010090931318700314, 0.0008714452851563692, -0.01241262350231409, -0.004779573529958725, 0.026822680607438087, 0.03182923421263695, -0.02035047672688961, -0.018145518377423286, -0.017315415665507317, -0.018327102065086365, -0.008722559548914433, -0.02072661742568016, 0.005852869711816311, 0.0036187272053211927, 0.008858747780323029, -0.010110386647284031, -0.006115519441664219, -0.02656327374279499, 0.025447824969887733, 0.0012062424793839455, 0.007127206772565842, 0.01368371769785881, 0.00730230612680316, 0.024890098720788956, 0.01222455408424139, -0.001620482886210084, 0.005077891517430544, 0.01678363047540188, 0.04262056574225426, 0.029753979295492172, -0.0027091815136373043, -0.022166326642036438, 0.010039050132036209, -0.031180718913674355, 0.0070169586688280106, -0.001460785511881113, 0.004212120547890663, 0.02444910816848278, 0.03766589239239693, -0.024267522618174553, 0.03237399086356163, -0.0013756676344200969, -0.00026629745843820274, -0.013463221490383148, -0.020091069862246513, -0.009085728786885738, 0.007853546179831028, 0.020596913993358612, 0.029390810057520866, 0.008476123213768005, 0.005882053170353174, 0.008450182154774666, -0.01572006195783615, 0.012522871606051922, -0.00043855991680175066, 0.0030107421334832907, 0.00852800440043211, 0.038651637732982635, 0.028431003913283348, 0.007678446359932423, -0.019585225731134415, 0.013605895452201366, 0.006348985712975264, -0.017950963228940964, 0.0354609340429306, -0.011245292611420155, -0.00815186370164156, 0.04342472553253174, 0.04179046303033829, 0.047679003328084946, 0.02417672984302044, -0.02291860617697239, -0.0051719266921281815, 0.002829157281666994, 0.0015102350153028965, -0.019157204777002335, 0.006718640681356192, 0.034527067095041275, -0.0051719266921281815, 0.017068978399038315, -0.004523409064859152, 0.022477613762021065, 0.01944255270063877, 0.039248276501894, 0.05374912545084953, -0.023255834355950356, 0.004455314949154854, 0.032088641077280045, -0.01035033818334341, -0.0329446867108345, -0.03076566755771637, 0.03221834450960159, -0.019157204777002335, 0.0191182941198349, -0.050143368542194366, 0.0007911912398412824, 0.021751275286078453, 0.003563603386282921, -0.005642101634293795, -0.0031372031662613153, 0.0063198022544384, -0.017795318737626076, 0.01992245577275753, -0.014332234859466553, 0.002975073643028736, 0.019390670582652092, -0.02042829990386963, -0.002979937708005309, 0.03149200603365898, -0.047679003328084946, 0.030506260693073273, -0.006913195829838514, -0.00413754116743803, 0.041297588497400284, -0.03963738679885864, -0.024163760244846344, 0.031102895736694336, -0.01367074716836214, 0.02546079456806183, 0.012256979942321777, 0.019455522298812866, 0.0024416681844741106, -0.012308861128985882, 0.0017542396672070026, 0.0009403502917848527, 0.005791260860860348, 0.02173830382525921, -0.029702099040150642, -0.0010408704401925206, -0.031025074422359467, 0.01079132966697216, 0.007885972037911415, 0.020181862637400627, -3.9823022234486416e-05, 0.007548742927610874, -0.028431003913283348, 0.017574822530150414, 0.006245222873985767, -0.0109404893592, -0.014799167402088642, 0.00806107185781002, 0.00793785322457552, -0.03504588082432747, -0.01324272621423006, -0.031907059252262115, -0.003278255695477128, 0.006822403520345688, 0.004251031670719385, 0.009701821021735668, 0.007438494823873043, -0.014630553312599659, -0.013087081722915173, -0.03141418471932411, -0.025953667238354683, 0.008339934051036835, 0.01622590608894825, -0.001110586104914546, 0.02002621814608574, 0.005749106872826815, -0.027004266157746315, -0.022244147956371307, 0.03149200603365898, -0.027756545692682266, -0.014630553312599659, -0.014851049520075321, 0.020558003336191177, -0.005467001814395189, 0.020570972934365273, -0.02125840075314045, 0.019753841683268547, -0.02190691977739334, -0.03403419628739357, -0.01967601850628853, -0.04096036031842232, -0.020765528082847595, 0.003443627618253231, -0.0069780475459992886, 0.0035409051924943924, 0.005363238975405693, 0.017678584903478622, -0.01710788905620575, -0.0207525584846735, -0.006027969531714916, 0.003463083179667592, -0.0061317323707044125, 0.007068839855492115, 0.014915901236236095, 0.02032453566789627, 0.018093636259436607, 0.0003445248876232654, -0.010499496944248676, -0.01125826220959425, 0.009066273458302021, -0.010480041615664959, -0.006420322693884373, -0.012996288947761059, 0.02626495622098446, -0.00017651834059506655, 0.0025130051653832197, 0.005917721427977085, 0.03252963349223137, 0.022749992087483406, 0.0048314547166228294, 0.003398231463506818, 0.01313247811049223, 0.003273391630500555, -0.0008211851818487048, 0.01405985839664936, -0.007561713457107544, 0.007464435882866383, -0.03499400243163109, -0.0019779782742261887, -0.003985139541327953, 0.019131263718008995, -0.02621307410299778, 0.00042802150710485876, -0.01839195378124714, 0.009876920841634274, -0.0007320140721276402, 0.026952384039759636, 0.0004608526942320168, 0.0029150857590138912, 0.008852262981235981, -0.010784844867885113, -0.007957308553159237, -0.03177735581994057, -0.01708194985985756, 0.002405999694019556, -0.0008511791238561273, 0.014358175918459892, 0.03642074018716812, -0.006112277042120695, 0.0054248482920229435, 0.0005662367912009358, 0.027030207216739655, -0.018858887255191803, 0.00622576754540205, 0.02653733268380165, -0.014760256744921207, -0.02339850924909115, 0.022775933146476746, 0.02734149433672428, -0.0016747962217777967, 0.010441130958497524, 0.018404925242066383, -0.015888677909970284, -0.023502271622419357, 0.027678724378347397, -0.018703242763876915, -0.02498089149594307, -0.03084348887205124, 0.020791469141840935, 0.007101265713572502, -0.009137610904872417, -0.03125854209065437, 0.014630553312599659, 0.011524154804646969, -0.004490983206778765, -0.061842624098062515, 0.004964401014149189, 0.0007153957849368453, 0.008028645999729633, 0.00954617653042078, 0.03086942993104458, -0.008806866593658924, 0.008560430258512497, -0.07626564800739288, 0.01667986810207367, -0.02447504736483097, -0.030895370990037918, -9.570698603056371e-05, 0.01874215342104435, 0.004238061606884003, 0.00954617653042078, 0.001401608344167471, 0.013151933439075947, -0.006348985712975264, -0.010512467473745346, 0.0342157781124115, 0.029702099040150642, 0.01665392704308033, -0.01758779212832451, -0.024280492216348648, -0.005116802640259266, 0.013995005749166012, 0.02316504344344139, 0.0047957864589989185, 0.037899360060691833, 0.0020525576546788216, 0.00747092068195343, -0.029468631371855736, 0.041842345148324966, 0.0274193175137043, 0.009215433150529861, 0.007425524760037661, 0.010097416117787361, -0.02575911208987236, -0.016083233058452606, 0.011135044507682323, -0.027730604633688927, 0.009228402748703957, 0.027860308066010475, -0.0043093981221318245, -0.021024934947490692, 0.009351621381938457, -0.015681151300668716, -0.014578672125935555, -0.01452679093927145, -0.006193341687321663, 0.0033463500440120697, 0.013372429646551609, 0.007704386953264475, 0.02608337067067623, 0.0056874980218708515, 0.038703519850969315, 0.018197398632764816, -0.013398369774222374, 0.02546079456806183, -0.008858747780323029, -0.0021741546224802732, -0.013774510473012924, 0.019987307488918304, 0.025720201432704926, -0.007367157842963934, 0.025538615882396698, -0.016135113313794136, 0.010998855344951153, -0.010395734570920467, -0.025045743212103844, -0.0359797477722168, 0.020337507128715515, -0.008203745819628239, -0.01647234335541725, 0.020259683951735497, 0.04596691578626633, -0.010207664221525192, -0.012730397284030914, -0.0003198001650162041, 0.013891243375837803, 0.005353511311113834, -0.029650216922163963, -1.2508026884461287e-05, -0.05151822417974472, -0.015836795791983604, -0.004144026432186365, -0.02819753810763359, -0.0011357160983607173, -0.007347702514380217, -0.0069780475459992886, 0.03242587298154831, 0.001943930983543396, 0.019001560285687447, 0.024941980838775635, -0.0407528355717659, 0.010460586287081242, 0.007976764813065529, 0.003894347231835127, -0.005505912937223911, -0.02744525857269764, -0.007873001508414745, 0.02402108535170555, -0.0011251777177676558, -0.007224484346807003, -0.013385400176048279, 0.0246566329151392, 0.0012719047954306006, -0.009967712685465813, 0.03553875535726547, 0.02072661742568016, 0.0022308998741209507, -0.035279348492622375, -0.017873140051960945, -0.009494295343756676, 0.0038489510770887136, -0.04565562680363655, -0.018054725602269173, 0.019637107849121094, 0.0070623550564050674, -0.030921312049031258, 0.024319402873516083, -0.02278890274465084, -0.007217999082058668, -0.007159632630646229, -0.016563136130571365, 0.0040564765222370625, 0.0041505116969347, -0.036239154636859894, -0.024721484631299973, -0.015006693080067635, 0.01461758278310299, -0.0013002774212509394, 0.0011065328726544976, 0.02442316710948944, -0.010045534931123257, 0.006459233816713095, -0.005087619181722403, -0.017925022169947624, 0.02920922450721264, -0.028482886031270027, -0.027938131242990494, -0.005567522253841162, -0.002762684365734458, -0.003690064186230302, 0.06044182553887367, 0.010266031138598919, -0.015032634139060974, -0.01876809448003769, 0.0596117228269577, -0.02664109691977501, -0.04262056574225426, 0.025071684271097183, -0.01590164750814438, -0.024799305945634842, 0.005129772704094648, 0.017276505008339882, 0.04466988146305084, -0.04230927675962448, 0.0052400208078324795, 0.008482608012855053, 0.011135044507682323, -0.02744525857269764, -0.008579885587096214, 0.021063845604658127, 0.013917184434831142, 0.010019594803452492, 0.01791205070912838, 0.010726477950811386, 0.011504699476063251, -0.01125826220959425, -0.007120721507817507, 0.005246506072580814, 0.030506260693073273, -0.0202467143535614, -0.0056096757762134075, 0.014410057105123997, -0.02233494073152542, -0.014876989647746086, -0.006965077016502619, -0.011718709953129292, 0.0007968657882884145, 0.03068784438073635, 0.029676157981157303, -0.024565840139985085, 0.0043580373749136925, -0.0032539363019168377, 0.05473487079143524, -0.007438494823873043, -0.016316698864102364, 0.006958592217415571, 0.0017509970348328352, -0.018197398632764816, 0.0012678515631705523, 0.006154430564492941, 0.007983249612152576, 0.020117010921239853, 0.012535842135548592, 0.02450098842382431, 0.008553944528102875, -0.0669270008802414, -0.037717774510383606, 0.026329807937145233, -0.029728038236498833, 0.017328385263681412, -0.012801733799278736, -0.01531798206269741, -0.005891780834645033, -0.01451382040977478, 0.023709798231720924, 0.006186856422573328, 0.02155672013759613, 0.0023962720297276974, -9.165375377051532e-05, -0.016070261597633362, -0.035331230610609055, 0.0037257326766848564, -0.0019779782742261887, 0.003735460340976715, -0.040259961038827896, -0.0025956910103559494, 0.008579885587096214, -0.028431003913283348, -0.01566818170249462, 0.031932998448610306, 0.019987307488918304, 0.008735530078411102, -0.02822347916662693, 0.044643938541412354, -0.04640790820121765, 0.014007976278662682, 0.044514235109090805, -0.032140523195266724, 0.010395734570920467, -0.0001963791874004528, -0.026251986622810364, -0.045370280742645264, 0.01210133545100689, -0.018404925242066383, 0.022905636578798294, 0.0024497746489942074, 0.030091209337115288, -0.0038100399542599916, 0.005402150098234415, 0.0019941912032663822, -0.036135390400886536, -0.005629131104797125, 0.013113022781908512, -0.018456805497407913, -0.01904047094285488, -0.03512370586395264, 0.017497001215815544, 0.02754902094602585, -0.006203069351613522, 0.014111739583313465, -0.004315883386880159, -0.014332234859466553, -0.008592856116592884, 0.029287047684192657, -0.001427549053914845, -0.007866516709327698, -0.010181724093854427, 0.004212120547890663, -0.024838218465447426, -0.008923599496483803, -0.001315679750405252, -0.0025762354489415884, 0.032036762684583664, -0.0186124499887228, -0.03476053476333618, 0.021024934947490692, -0.017250563949346542, -0.012269949540495872, 0.009630483575165272, 0.006614877842366695, 0.021543748676776886, -0.012769307941198349, 0.02482524700462818, -0.012685000896453857, -0.02918328531086445, -0.016135113313794136, 0.024332374334335327, -0.02616119384765625, 0.013074111193418503, 0.000317368219839409, 0.006381411571055651, -0.004529894329607487, 0.019701959565281868, 0.027108028531074524, 0.012146731838583946, -0.004951430484652519, -0.02173830382525921, -0.009384047240018845, 0.001395123079419136, 0.014410057105123997, -0.005262719001621008, -0.006076608318835497, -0.03888510540127754, 0.028586648404598236, -0.027030207216739655, -0.021375134587287903, 0.009857464581727982, 0.007931368425488472, 0.012963863089680672, 0.011199896223843098, -0.030298734083771706, 0.006822403520345688, 0.00684834411367774, 0.013035200536251068, -0.01186138391494751, -0.007691416889429092, 0.012834159657359123, -0.011926235631108284, 0.0019277180545032024, 0.0012994668213650584, 0.005272446665912867, -0.01622590608894825, -0.009617513976991177, 0.011822473257780075, -0.016394520178437233, 0.0031047773081809282, -0.012341286987066269, 0.015395804308354855, -0.007477405946701765, -6.160915654618293e-05, -0.0013497269246727228, -0.021764244884252548, 0.018781064078211784, 0.007386613637208939, -0.012341286987066269, 0.036913610994815826, 0.01543471496552229, 0.0020784984808415174, 0.00977315753698349, -0.051103174686431885, 0.005184896755963564, -0.006293861661106348, 0.006926166359335184, -0.004004595335572958, 0.02897575870156288, -0.008080527186393738, -0.027730604633688927, -0.002983180107548833, -0.005152470897883177, 0.015603329055011272, 0.0012248873244971037, -0.012685000896453857, -0.018067695200443268, 0.0020671493839472532, -0.001566980266943574, 0.007172602694481611, -0.006206311751157045, -0.010784844867885113, 0.0246566329151392, -0.04145323485136032, -0.009299740195274353, -0.009202462621033192, -0.03675796836614609, -0.013437281362712383, 0.0006537866429425776, 0.010045534931123257, -0.011160984635353088, 0.018729183822870255, 0.006705670151859522, 0.03683578968048096, 0.005330813117325306, -0.006410595029592514, 0.010622715577483177, 0.011978116817772388, 0.00749686174094677, 0.015071544796228409, -0.012146731838583946, -6.642236985499039e-05, 0.007782209198921919, 0.018378984183073044, -0.017276505008339882, -0.03258151561021805, -0.0019147477578371763, 0.014124710112810135, -0.004007837735116482, -0.003955956548452377, 0.03061002306640148, 0.02399514429271221, 0.019390670582652092, -0.009935286827385426, 0.003615484805777669, 0.018871856853365898, -0.02581099420785904, -0.03416389971971512, -0.013618865981698036, 0.010090931318700314, 0.017094919458031654, 0.024488018825650215, -0.003187463153153658, 0.003252314869314432, -0.020532062277197838, -0.005369724240154028, -0.02294454723596573, 0.0035084793344140053, -0.004889821633696556, 0.015214218758046627, -0.013878272846341133, -0.0018563811900094151, -0.03330785408616066, 0.00667972955852747, -0.02656327374279499, 0.0009646696853451431, 0.0073152766562998295, 0.008028645999729633, 0.0382365882396698, -0.02892387844622135, 0.010836726054549217, -0.010836726054549217, 0.004750390071421862, 0.02811971679329872, 0.02648545242846012, 0.03172547370195389, 0.010758903808891773, -0.007341217249631882, 0.03315221145749092, 0.03463083133101463, -0.01369668822735548, 0.017769377678632736, 0.0008868476143106818, -0.015201248228549957, 0.00424454640597105, -0.026226045563817024, -0.01413767971098423, 0.0029912865720689297, 0.043554432690143585, 0.02356712333858013, -0.02530515007674694, 0.004682295955717564, 0.02040235884487629, 0.02671891823410988, 0.007555228192359209, -0.016589075326919556, -0.011472273617982864, 0.01954631507396698, -0.0050260103307664394, -0.028949817642569542, 0.005243263673037291, 0.002279538894072175, 0.005953390151262283, 0.0027383649721741676, 0.018599480390548706, 0.024306433275341988, 0.014033917337656021, -0.0007441737689077854, -0.010551379062235355, 0.000925758620724082, 0.0014842943055555224, 0.0001576708018546924, 0.016109172254800797, 0.017795318737626076, 0.00488009350374341, -0.015681151300668716, -0.015058575198054314, 0.0032652851659804583, 0.018508687615394592, -0.0013902592472732067, 0.008923599496483803, 0.007127206772565842, -0.00878092646598816, 0.003615484805777669, -0.01828819140791893, 0.002579478081315756, -0.001527258544228971, -0.006692700088024139, -0.01162143237888813, -0.0081778047606349, 0.022270089015364647, 0.021777216345071793, 0.0032814983278512955, -0.008112953044474125, 0.010052020661532879, 0.013930154033005238, 0.0004928732523694634, -0.0177304670214653, -0.04887227341532707, -0.0008600962464697659, 0.008696618489921093, 0.0012443427694961429, -0.008372359909117222, -0.011485244147479534, -0.026096342131495476, -0.0030285764951258898, -0.017328385263681412, 0.011958661489188671, 0.001203810446895659, -0.0036057569086551666, -0.007626565173268318, 0.003602514276280999, 0.01138148084282875, -0.018781064078211784, 0.014423027634620667, 0.003286362159997225, -0.005191382020711899, 0.01673175022006035, -0.013541043736040592, 0.00034533554571680725, 0.018067695200443268, 0.021673452109098434, 0.02570723183453083, -0.008197260089218616, 0.024760395288467407, -0.008495578542351723, -0.01839195378124714, -0.003043167991563678, -0.03250369429588318, -0.019079383462667465, -0.02739337645471096, -0.013061140663921833, -0.030532199889421463, 0.012581238523125648, 0.005671285092830658, -0.01670580916106701, -0.010291971266269684, 0.014033917337656021, 0.0387294627726078, 0.01649828441441059, 0.0021790186874568462, 0.015084515325725079, -0.0010700537823140621, -0.013190845027565956, 0.004289942793548107, 0.0003092617553193122, 0.01647234335541725, 0.05159604549407959, -0.020259683951735497, -0.011511184275150299, -0.03393043205142021, -0.0027480926364660263, 0.020687706768512726, -0.00793785322457552, -0.0249030701816082, -0.02814565598964691, -0.013579955324530602, -0.011148015037178993, -0.01095345988869667, -0.024280492216348648, 0.029261106625199318, -0.02495495043694973, 0.026044460013508797, 0.012354257516562939, 0.00032952791661955416, -0.006348985712975264, 0.002756199100986123, 0.0068677994422614574, 0.009701821021735668, 0.0149677824229002, 0.005366481840610504, 0.013437281362712383, -0.02648545242846012, -0.02645951136946678, 0.019312849268317223, -0.003485781140625477, -0.00021320011001080275, 0.009409988299012184, 0.011991087347269058, 0.008197260089218616, -0.009721276350319386, -0.025019802153110504, 0.01957225613296032, -0.03229616954922676, 0.009838009253144264, 0.013151933439075947, -0.00113652681466192, -0.020817410200834274, 0.022775933146476746, -0.018910767510533333, -0.006562996655702591, -0.009643454104661942, 0.008573400788009167, 0.004046748857945204, 0.01690036430954933, -0.010629200376570225, 0.007321761921048164, -0.05255585163831711, -0.01335945911705494, 0.004169967025518417, 0.007775723934173584, -0.001804499770514667, -0.015460656024515629, -0.027004266157746315, 0.025149505585432053, 0.006374926306307316, 0.00028798228595405817, 0.02048018015921116, -0.02747119776904583, 0.04007837921380997, 0.0015029391506686807, -0.009157066233456135, -0.00702992919832468, 0.008223201148211956, 0.012192127294838428, -0.0015783292474225163, -0.005509155802428722, -0.004967643413692713, -0.0417645238339901, -0.016848482191562653, 0.003826252883300185, -0.028560707345604897, 0.01617402397096157, 0.017704525962471962, 0.0007048574043437839, -0.019805721938610077, 0.0018288191640749574, -0.016537195071578026, -0.014254413545131683, 0.0050551933236420155, -0.004643384832888842, 0.014020946808159351, 0.011096132919192314, 0.005090862046927214, -0.003570088418200612, 0.004549349658191204, 0.016809571534395218, 0.006582451984286308, -0.019909484311938286, -0.035383112728595734, 0.006592179648578167, 0.004306155722588301, 0.008566915057599545, 0.013930154033005238, 0.02173830382525921, -0.015460656024515629, -0.0013472950085997581, 0.018015814945101738, -0.0004268055490683764, -0.030220912769436836, -0.00955914705991745, -0.007885972037911415, -0.004273729864507914, -0.050324954092502594, 0.025097625330090523, -0.0005812337622046471, 0.0160962026566267, -0.03154388815164566, 0.005350268911570311, -0.012756338343024254, 0.013022230006754398, 0.013839362189173698, 0.011186925694346428, -0.026926442980766296, -0.02382653020322323, -0.000529352342709899, -0.00593717722222209, -0.007503346540033817, 0.019624138250947, 0.005269204266369343, 0.022166326642036438, 0.00413754116743803, -0.012470990419387817, -0.020609883591532707, -0.013605895452201366, -0.03156982734799385, 0.019235027953982353, -0.01252935640513897, -0.017172740772366524, 0.003670608624815941, 0.013644807040691376, -0.0221403855830431, 0.02980586141347885, 0.0015345544088631868, -0.010052020661532879, 0.03468271344900131, 0.013904213905334473, 0.015940558165311813, 0.04210175201296806, -0.014825108461081982, -0.018962649628520012, 0.004922247491776943, 0.0054637594148516655, -0.022101474925875664, -0.007775723934173584, 0.013554014265537262, 0.02115463837981224, -0.010052020661532879, 0.01804175414144993, -0.0131454486399889, 0.002109302906319499, -0.007205028552561998, 0.0062776487320661545, -0.0012313724728301167, 0.0034501126501709223, -0.0053178430534899235, 0.0045039537362754345, 0.004419646225869656, -0.010862667113542557, -0.0028923877980560064, -0.012860100716352463, -0.0372248999774456, -0.03642074018716812, -0.023709798231720924, 0.0011519291438162327, -0.0018742154352366924, 0.0009460247820243239, 0.017795318737626076, -0.0026005548425018787, 0.003683578921481967, -0.027990011498332024, 0.008943055756390095, -0.0006704048719257116, -0.005538338795304298, -0.007289336062967777, -0.018469776958227158, -0.05310060828924179, -0.0023087221197783947, 0.02115463837981224, -0.0133335180580616, -0.021141668781638145, 0.0029864227399230003, 0.03273715823888779, 0.0009671016014181077, 0.007192058488726616, 0.006712155416607857, 0.0013545907568186522, 0.0065013873390853405, -0.013236240483820438, -0.012321831658482552, 0.019299879670143127, 0.014812137931585312, 0.006326287519186735, 0.005843142047524452, 0.011478758417069912, -0.011725194752216339, -0.01208836492151022, 0.019053442403674126, -0.014046887867152691, 0.002034723525866866, 0.023683857172727585, 0.021245431154966354, -0.020583942532539368, -0.005976088345050812, 0.026900503784418106, -0.003456597914919257, -0.013800450600683689, -0.00230223685503006, -0.00958508811891079, -0.0020541788544505835, -0.0018417894607409835, -0.017626704648137093, 0.0010919412598013878, 0.029624275863170624, -0.0008617175626568496, 0.007120721507817507, -0.003198812250047922, -0.017094919458031654, 0.01083024125546217, 0.004345066845417023, -0.016589075326919556, -0.005719923879951239, -0.003806797321885824, 0.005282174330204725, 0.006731610745191574, 0.0006493280525319278, -0.0182363111525774, 0.006433292757719755, 0.019533345475792885, -0.02463069185614586, 0.0015313117764890194, 0.004422889091074467, -0.00507464911788702, 0.0011519291438162327, 0.002438425552099943, -0.002618389204144478, 0.0007393098785541952, 0.010142812505364418, 0.012503416277468204, -0.022853754460811615, -0.032892804592847824, -0.0030512744560837746, -0.01310653705149889, 0.005846384447067976, -0.005557794589549303, -0.01372262928634882, 0.0218809787184, 0.011537125334143639, -0.009500780142843723, 0.010181724093854427, 0.013028714805841446, 0.0016107552219182253, 0.024812277406454086, 0.012827674858272076, 0.007049384526908398, 0.007594139315187931, 0.004487740807235241, -0.0093062249943614, -0.0056096757762134075, -0.00793785322457552, -0.004776330664753914, 0.007808149792253971, 0.003868406405672431, -0.005029252730309963, -0.003641425399109721, -0.016692839562892914, 0.02744525857269764, 0.001157603575848043, -0.03463083133101463, 0.02278890274465084, -0.003339864779263735, -0.010726477950811386, 0.0027318797074258327, -0.02900169976055622, -0.00038080132799223065, -0.0010011488338932395, -0.0008029456366784871, -0.0008682027109898627, -0.013022230006754398, 0.0005978519911877811, -0.007522802334278822, 0.015084515325725079, -0.00427048746496439, -0.00854097492992878, 0.009384047240018845, -0.024358315393328667, 0.020661765709519386, 0.0006213607848621905, 0.022231178358197212, 0.010473556816577911, -0.013054655864834785, -0.005914479028433561, -0.004004595335572958, 0.020739587023854256, 0.021868007257580757, -0.01060326024889946, 0.019766811281442642, -0.006952106952667236, -0.01815848797559738, 0.014630553312599659, 0.0016123764216899872, -0.0005281363846734166, -0.029494572430849075, 0.01372262928634882, -0.007114236243069172, -0.001679660170339048, 1.680825516814366e-05, 0.0005236778524704278, 0.00592420669272542, -0.027108028531074524, -0.014669463969767094, 0.009358106181025505, -0.016485312953591347, -0.0011259884340688586, -0.002572992816567421, 0.004802271723747253, 0.005227050743997097, 0.02236088179051876, -0.008949540555477142, -0.014397086575627327, 0.005233535543084145, 0.009131125174462795, 0.01267851609736681, 0.00958508811891079, -0.011796532198786736, -0.005379451904445887, 0.004221848677843809, 0.01241262350231409, 0.006125247105956078, -0.01841789484024048, -0.010752419009804726, 0.014397086575627327, 0.0004786869394592941, 0.01115449983626604, 0.003498751437291503, -0.013424310833215714, 0.004338581580668688, 0.010454101487994194, -0.004915762227028608, 0.0038003120571374893, -0.004614201374351978, 0.007289336062967777, -0.0026264956686645746, 0.034423306584358215, 0.003550632856786251, -0.007730328012257814, 0.0012175914598628879, 0.012769307941198349, 0.002558401320129633, 0.0030642449855804443, -0.01046707108616829, -0.0061641582287848, 0.019987307488918304, 0.009863950312137604, 0.00592420669272542, -0.0003238533972762525, 0.0016480449121445417, 0.005107074975967407, -0.024008115753531456, -0.012133761309087276, 0.006455990951508284, -0.01265257503837347, -0.02983180247247219, -0.010849696584045887, -0.007516317069530487, 0.017068978399038315, -0.009072759188711643, 0.00032973059569485486, 0.007658991031348705, 0.010434645228087902, -0.009124640375375748, -0.02505871281027794, 0.024319402873516083, -0.026226045563817024, 0.018378984183073044, -0.0015637376345694065, -0.0049417028203606606, -0.0001981018140213564, -0.013463221490383148, 0.00933216605335474, 0.014747286215424538, -0.007166117429733276, -0.021829096600413322, -0.0004043100925628096, -0.0070169586688280106, 0.020467210561037064, -0.0008827943820506334, 0.010019594803452492, 0.0030399253591895103, 0.01866433210670948, -0.014098769053816795, 0.012367227114737034, 0.014708375558257103, -0.002156320493668318, -0.027964072301983833, 0.007042899262160063, 0.0016018380410969257, -0.007594139315187931, 0.0005901508848182857, -0.023074250668287277, 0.019507404416799545, 0.008534489199519157, 0.00477308826521039, 0.018897797912359238, 0.0025243540294468403, -0.004014322999864817, -0.025603467598557472, 0.020570972934365273, 0.011867868714034557, 0.001309194602072239, -0.0068677994422614574, 0.0014632174279540777, 0.026952384039759636, -0.00747092068195343, 0.002162805525586009, 0.023113161325454712, -0.031076954677700996, -0.012548812665045261, 0.00621279701590538, 0.025746142491698265, 0.0015767080476507545, -0.01230237539857626, -0.008657707832753658, 0.005077891517430544, 0.0022779174614697695, 0.016615016385912895, -0.0008673920528963208, 0.021245431154966354, -0.01313247811049223, 0.009857464581727982, -0.03893698751926422, 0.01369668822735548, -0.007756268605589867, -0.005145985633134842, 0.0049417028203606606, 0.008735530078411102, -0.01665392704308033, -0.014033917337656021, 0.013216785155236721, 0.01207539439201355, -0.005048708058893681, 0.029546454548835754, 0.013995005749166012, -0.007976764813065529, -0.012710941955447197, 0.01079132966697216, 0.017626704648137093, -0.04511087387800217, 0.0015142882475629449, 0.010998855344951153, -0.010019594803452492, -0.001124367117881775, 0.002418969990685582, -0.005859354976564646, 0.0013910698471590877, 0.010330882854759693, -0.0018952921964228153, 0.013177874498069286, 0.0014388980343937874, 0.00828805286437273, 0.029546454548835754, -0.028456944972276688, -0.005771805066615343, -0.01572006195783615, 0.0020703920163214207, 0.012924952432513237, -0.008469637483358383, -0.006361956242471933, 0.017925022169947624, 0.013904213905334473, -0.009358106181025505, 0.01079132966697216, 0.012937922962009907, -0.011965146288275719, 0.0024513958487659693, 0.012749852612614632, -0.04588909447193146, 0.009403502568602562, -0.020039189606904984, 0.012218068353831768, -0.024034056812524796, -0.020986024290323257, 0.016485312953591347, 0.002459502313286066, 0.01187435444444418, 0.024228611961007118, -0.00784706138074398, 0.011822473257780075, 0.010531922802329063, -0.010726477950811386, 0.006822403520345688, -0.0025956910103559494, 0.012873071245849133, -0.004695266019552946, 0.014876989647746086, 0.022749992087483406, 0.005337298382073641, -0.005476729944348335, -0.0017072221962735057, 0.006738096009939909, 0.0091181555762887, 0.017873140051960945, 0.0019536588806658983, -0.0052789319306612015, 0.01662798784673214, -0.0005998786073178053, -0.0004126192070543766, 0.030402496457099915, -0.04041560739278793, 0.007736812811344862, 0.014643523842096329, 0.005538338795304298, 0.016485312953591347, 0.028846055269241333, -0.0017688312800601125, -1.916419751069043e-05, -0.02208850346505642, -0.011679799295961857, -0.014838078990578651, -0.011290688067674637, -0.007068839855492115, -0.002169290790334344, 0.016316698864102364, -0.0060182418674230576, -0.0008884688722901046, 0.018430866301059723, 0.014928871765732765, -5.644128395942971e-05, -0.014928871765732765, -0.013956095091998577, -0.00909221451729536, -0.022853754460811615, -0.009961227886378765, 0.005742622073739767, -0.003874891670420766, 0.0049870992079377174, 0.0011462545953691006, 0.00011379454372217879, 0.0073930989019572735, 0.005966360215097666, -0.009623998776078224, -0.019183145835995674, -0.014020946808159351, 0.0013635079376399517, 0.01335945911705494, 0.012555297464132309, -0.008009190671145916, -0.0093062249943614, 0.025188416242599487, -0.013009259477257729, -0.01756185293197632, -0.025720201432704926, 0.0011211244855076075, 0.019235027953982353, 0.010460586287081242, -0.025720201432704926, -0.00977315753698349, 0.006216039415448904, 0.009033847600221634, -0.0050551933236420155, 0.0020736344158649445, -0.004993584007024765, -0.031232599169015884, -0.00957211758941412, 0.004396948032081127, -0.010058505460619926, -0.011900294572114944, 0.00528865959495306, 0.003813282586634159, -0.03932609781622887, -0.0063943821005523205, -0.007814635522663593, -0.008294537663459778, 0.009124640375375748, -0.004912519361823797, -0.0023816803004592657, 0.0072374544106423855, -0.021375134587287903, 0.007697902154177427, 0.013061140663921833, -0.005097346846014261, -0.006488416809588671, 0.014851049520075321, -0.012685000896453857, -0.018430866301059723, 0.0030253338627517223, -0.013839362189173698, 0.004231576342135668, -0.004516923800110817, 0.01461758278310299, -0.006854829378426075, 0.013009259477257729, 0.003001014469191432, -0.015577388927340508, -0.018573539331555367, 0.013028714805841446, 0.012159701436758041, 0.03683578968048096, -0.010849696584045887, -0.010739448480308056, -0.011478758417069912, -0.0045331367291510105, 0.004276972264051437, -0.010499496944248676, 0.0030318188946694136, 0.006543540861457586, -0.007282850798219442, -0.005402150098234415, -0.028015952557325363, -0.017639674246311188, 0.006313316989690065, -0.02160860039293766, 0.022957516834139824, 0.00990934669971466, 0.007036413997411728, 0.0017639674479141831, 0.0005098968395031989, -0.0029588607139885426, 0.0011422013631090522, 0.011024796403944492, 0.012406138703227043, -0.025292180478572845, -0.018028784543275833, -0.03893698751926422, 0.0249030701816082, -0.0002772411971818656, 0.020908202975988388, 0.02626495622098446, 0.007289336062967777, 0.02045423910021782, 0.007205028552561998, 0.019286908209323883, -0.004815241787582636, -0.022957516834139824, -0.01149821374565363, 0.0149677824229002, 0.002837263746187091, -0.002180639887228608, 0.01997433602809906, -0.0013100052019581199, 0.007406068965792656, 0.007885972037911415, -0.005969603080302477, -0.008028645999729633, -0.009111669845879078, -4.220429764245637e-05, 0.04243898019194603, 0.0221403855830431, 0.014254413545131683, -0.015214218758046627, 0.009825038723647594, -0.006264678202569485, 0.013164903968572617, 0.005681012757122517, -0.01080430019646883, -0.013028714805841446, 0.02319098263978958, 0.005791260860860348, -0.006410595029592514, -0.028949817642569542, -0.012244009412825108, -0.005729651544243097, -0.007658991031348705, -0.006517600268125534, -0.004182937555015087, -0.0006424376042559743, 0.0030399253591895103, 0.021089786663651466, -0.02897575870156288, -0.0008479365496896207, 0.00507464911788702, -0.007639535237103701, 0.0023768164683133364, 0.01230237539857626, 0.004121328238397837, 0.004027293063700199, 0.0013910698471590877, -0.017847198992967606, 0.007827605120837688, -0.009578602388501167, 0.017094919458031654, 0.008216715417802334, 0.005807473789900541, 0.008268597535789013, 0.01981869339942932, -0.001202999847009778, -0.0032685277983546257, 0.0069002253003418446, -0.01917017623782158, -0.007555228192359209, -0.0025340819265693426, -0.0019714930094778538, 0.013210300356149673, 0.004662840161472559, 0.024682573974132538, 0.0221403855830431, 0.007827605120837688, -0.0024368043523281813, 0.02168642356991768, 0.017328385263681412, 0.02827535942196846, 0.004549349658191204, -0.013618865981698036, 0.000317368219839409, -0.004591503646224737, -0.015214218758046627, 0.005778290331363678, -0.01287955604493618, -0.0069067105650901794, -0.00854097492992878, 0.013281636871397495, 0.007503346540033817, 0.019624138250947, 0.008832807652652264, 0.005398907698690891, 0.0060539101250469685, -0.01289252657443285, -0.0030788364820182323, 0.006144702900201082, -0.0262908972799778, -0.004779573529958725, 0.030091209337115288, 0.01582382619380951, 6.0747843235731125e-05, -0.0019423096673563123, 0.013956095091998577, 0.01369668822735548, -0.0006444642203859985, 0.004662840161472559, 0.0031226114369928837, -0.005882053170353174, 0.007775723934173584, -0.012360742315649986, 0.020493151620030403, 0.0100001385435462, 0.004815241787582636, -0.006313316989690065, -0.00876795593649149, 0.007107750978320837, 0.019805721938610077, 0.012503416277468204, -0.0009338650852441788, -0.023502271622419357, -0.015784913673996925, -0.002282781293615699, -0.006692700088024139, -0.014345205388963223, 0.002088226145133376, -0.009241373278200626, 0.0015953528927639127, -0.009448898956179619, -0.004568805452436209, 0.014734315685927868, 0.012996288947761059, -0.010142812505364418, -0.01530501153320074, 0.030428437516093254, 0.02211444452404976, -0.008923599496483803, 0.007263395469635725, 0.003505236702039838, -0.007957308553159237, -0.010298456996679306, 0.0022908877581357956, 0.0032571787014603615, -0.005554551724344492, 0.0019115051254630089, -0.002981558907777071, -0.018080666661262512, 0.009267314337193966, -0.0009565632208250463, 0.017743436619639397, 0.005865840241312981, -0.004607716575264931, 0.005557794589549303, -0.015369863249361515, 0.006919681094586849, -0.024812277406454086, 0.008132408373057842, -0.01139445137232542, -0.020039189606904984, -0.020415328443050385, -0.011238806881010532, -0.0177304670214653, -0.00024562596809118986, 0.003868406405672431, -0.009247859008610249, 0.008242656476795673, 0.0029669671785086393, -0.02664109691977501, -0.01322975568473339, 0.013197329826653004, 0.013644807040691376, -0.00528865959495306, -0.019637107849121094, 0.013839362189173698, -0.021777216345071793, -0.013826391659677029, 0.01334648858755827, -0.007814635522663593, 0.0007449844270013273, 0.017211653292179108, 0.0051621985621750355, 0.006177128758281469, -0.0008446939755231142, 0.003774371463805437, 0.0006387896719388664, 0.016822542995214462, 0.011413906700909138, 0.006913195829838514, -0.015577388927340508, -0.012380197644233704, 0.005619403440505266, -0.010285486467182636, 0.007438494823873043, -0.006738096009939909, 0.011718709953129292, -0.0009881784208118916, 0.0015223947120830417, -0.023255834355950356, 0.0038003120571374893, 0.015058575198054314, -0.021011965349316597, -0.018093636259436607, 0.028482886031270027, 0.002115788171067834, -0.0013562120730057359, -0.012114305980503559, 0.010259545408189297, -0.005655072163790464, 0.012114305980503559, 0.006050667725503445, 0.003991624806076288, 0.006611635442823172, -0.00771087221801281, -0.0005670474492944777, -0.002347633009776473, 0.009902860969305038, -0.005243263673037291, -0.003443627618253231, 0.003372290637344122, -0.015175308100879192, 0.014876989647746086, 0.024111878126859665, -0.005593462847173214, 0.020493151620030403, 0.004179694689810276, -0.019377700984477997, -0.009312710724771023, -0.012931437231600285, 0.021764244884252548, 0.0037516732700169086, -0.019325818866491318, -0.008690133690834045, 0.01743214949965477, -0.0023768164683133364, 0.003920287825167179, 0.006465718615800142, 0.026900503784418106, -0.00571019621565938, -0.0014721346087753773, 0.0029458904173225164, 0.0007705197785981, 0.008703104220330715, 0.0023622247390449047, 0.0131454486399889, -0.033619143068790436, -0.01619996502995491, 0.0017834228929132223, 0.02586287446320057, 0.008703104220330715, 0.009948257356882095, 0.02832724153995514, -0.013735598884522915, -0.013177874498069286, 0.01416362076997757, -0.0040564765222370625, -0.004413160961121321, 0.009961227886378765, -0.014228472486138344, -0.007347702514380217, 0.00730230612680316, -0.012989804148674011, 0.027938131242990494, -0.015862736850976944, -0.03227022662758827, -0.02832724153995514, 0.00580423092469573, 0.01267851609736681, -0.002702696481719613, -0.016913333907723427, -0.008703104220330715, 0.014410057105123997, 0.014280353672802448, 0.001051408937200904, 0.0011073434725403786, 0.012944407761096954, -0.014902930706739426, -0.01540877390652895, -0.01652422361075878, -0.015369863249361515, -0.017652643844485283, 0.015071544796228409, 0.005350268911570311, 0.009157066233456135, -0.011900294572114944, -0.015992440283298492, 0.0011519291438162327, 0.021063845604658127, -0.02915734425187111, 0.005554551724344492, -0.014111739583313465, -0.009247859008610249, -0.00036377774085849524, -0.012827674858272076, 0.012023513205349445, -0.04171264171600342, 0.004636899568140507, -0.01105722226202488, -0.0009646696853451431, -0.010739448480308056, 0.002754577901214361, 0.0034144443925470114, 0.025395942851901054, 0.008599340915679932, -0.025629408657550812, -0.019105322659015656, -0.03141418471932411, 0.010473556816577911, -0.014033917337656021, 0.01627778820693493, -0.002671891823410988, -0.023502271622419357, -0.0021401075646281242, -0.013891243375837803, -0.028015952557325363, -0.015058575198054314, 0.00816483423113823, -0.011232322081923485, 0.0018142275512218475, -0.00040390476351603866, -0.0024643661454319954, -0.0038003120571374893, -0.009409988299012184, -0.006543540861457586, 0.007879487238824368, -0.0008868476143106818, -0.003930015489459038, -0.005544824060052633, 0.003589543979614973, -4.886047008767491e-06, -0.010823755525052547, -0.00219523161649704, -0.02230899967253208, 0.01670580916106701, -0.020921172574162483, -0.007717357482761145, 0.010661626234650612, 0.0290535818785429, -0.0007316087139770389, -0.023437419906258583, 0.0048703658394515514, -0.0006473014364019036, -0.00027501193108037114, 0.04210175201296806, 0.0123283164575696, -0.0046531124971807, 0.009170036762952805, 0.006144702900201082, -0.015655210241675377, -0.01952037401497364, 0.0058301715180277824, 0.018028784543275833, 0.00015726547280792147, -0.0063554709777235985, 0.02115463837981224, 0.00784706138074398, -0.015460656024515629, -0.007996220141649246, 0.011186925694346428, 0.013800450600683689, 0.015084515325725079, 0.004536379594355822, 0.007509831804782152, 0.01753591187298298, -0.00023812749714124948, -0.0059858160093426704, -0.005298387259244919, 0.02160860039293766, -0.010921034030616283, 0.0008981966529972851, -0.0160962026566267, -0.020091069862246513, 0.03927421569824219, -0.004597988445311785, 0.006339258048683405, 0.004753632936626673, 0.016615016385912895, 0.0052789319306612015, 0.0025956910103559494, -0.010499496944248676, 0.012256979942321777, 0.011413906700909138, -0.008326963521540165, 0.010019594803452492, -0.028560707345604897, -0.012756338343024254, 0.0012192127760499716, 0.010291971266269684, 0.009630483575165272, -0.005087619181722403, 0.0076460205018520355, 0.027574962005019188, 0.010882122442126274, -0.012406138703227043, -0.010188208892941475, 0.013197329826653004, -0.0038586787413805723, -0.0032831195276230574, 0.01997433602809906, 0.01310653705149889, -0.011627917177975178, -0.005304872523993254, 0.01105722226202488, 0.010233605280518532, 0.011135044507682323, 0.01612214371562004, 0.006358713377267122, -0.0015904890606179833, 0.006712155416607857, -0.016459371894598007, -0.01572006195783615, 0.0034792961087077856, -0.006705670151859522, 0.004886578768491745, 0.01922205649316311, -0.0024643661454319954, -0.01836601458489895, 0.0033755332697182894, -0.009928802028298378, -0.0059112366288900375, -0.010129841975867748, -0.014630553312599659, 0.0019909485708922148, -0.004027293063700199, -0.005885295569896698, -0.011264747940003872, 0.020843349397182465, -0.00708829564973712, 0.02656327374279499, 0.00471147894859314, 0.021063845604658127, 0.012516386806964874, -0.01579788513481617, -0.007671961095184088, 0.026200104504823685, 0.010298456996679306, 0.002605418674647808, 0.006112277042120695, -0.0006128489621914923, -0.0021741546224802732, 0.00027399862301535904, 0.0039494712837040424, -0.012496930547058582, -0.0002954807423520833, 0.00976018700748682, 0.0011697632726281881, 0.007983249612152576, 0.012269949540495872, -0.007840575650334358, 0.018028784543275833, 0.003258800134062767, -0.005359996575862169, 0.007697902154177427, -0.00013872193812858313, 0.012620149180293083, 0.006241980474442244, -0.022659199312329292, 0.0005325949168764055, 0.03227022662758827, 0.0033755332697182894, 0.0158497653901577, 0.012899011373519897, -0.00886523351073265, -0.00322637427598238, 0.019235027953982353, -0.01370965875685215, -0.0046109589748084545, -0.005068163853138685, 0.007042899262160063, 0.007678446359932423, 0.0009865571046248078, -0.01450084988027811, -0.012613664381206036, 0.0053567541763186455, 0.023891381919384003, -0.00895602535456419, -0.00253732455894351, 0.023683857172727585, -0.01791205070912838, -0.012976833619177341, 0.03828847035765648, 0.022023651748895645, -0.015369863249361515, -0.00327987689524889, 0.025577528402209282, -0.0017493757186457515, -0.023333657532930374, -0.006465718615800142, -0.01325569674372673, 0.03079160861670971, 0.002902115462347865, 0.014825108461081982, -3.105790528934449e-05, 0.01965007744729519, 0.003537662560120225, 0.011297173798084259, -0.012159701436758041, 0.003219889011234045, 0.005450788885354996, 0.014397086575627327, 0.013982036150991917, -0.005077891517430544, -0.01001310907304287, 0.005596705246716738, 0.0032490722369402647, 0.0039818971417844296, -0.015940558165311813, -0.015292041003704071, 0.006342500448226929, 0.006952106952667236, -0.018132546916604042, -0.022879695519804955, 0.014384116977453232, -0.011971632018685341, -0.013995005749166012, -0.003320409217849374, 0.0019212329061701894, -0.026978325098752975, 0.016939274966716766, -0.01188732497394085, -0.002107681706547737, -0.0059015084989368916, -0.025473764166235924, -0.017873140051960945, -0.008748500607907772, -0.01125826220959425, 0.02332068607211113, 0.002404378494247794, 0.0066473037004470825, 0.023580094799399376, 0.008625281974673271, 0.001012497814372182, -0.003518206998705864, 0.0074838912114501, 0.001963386544957757, 0.0009200841304846108, 0.020389387384057045, 0.010415189899504185, 0.00655975379049778, 0.0037776140961796045, -0.011472273617982864, 0.012205097824335098, 0.0035084793344140053, 0.02583693526685238, -0.020091069862246513, -0.010934003628790379, 0.011783561669290066, 0.005343783646821976, -0.0034922664053738117, 0.009040333330631256, -0.022075533866882324, -0.026770800352096558, -0.006757551804184914, -0.016757691279053688, -0.0018207126995548606, -0.006770521868020296, -0.004925489891320467, 0.028949817642569542, -0.003062623552978039, 0.00724393967539072, 0.004416403826326132, -0.007107750978320837, -0.0020817408803850412, -0.013437281362712383, 0.00826211180537939, 0.005145985633134842, -0.01322975568473339, -0.0024416681844741106, -0.009617513976991177, -0.0037322179414331913, -0.011264747940003872, -0.011673313565552235, -0.0026200104039162397, -0.034553010016679764, -0.014760256744921207, 0.015201248228549957, -0.003670608624815941, -0.016874423250555992, -0.002968588611111045, 0.00568425515666604, 0.005165441427379847, 0.001679660170339048, 0.0034922664053738117, 0.037873417139053345, 0.032918743789196014, 0.0032490722369402647, -0.022827813401818275, -0.019157204777002335, -0.0018077424028888345, -0.0010222255950793624, -5.2033392421435565e-05, 0.0010554621694609523, 0.0049027916975319386, 0.025590498000383377, 0.007769238669425249, -0.035253409296274185, 0.02840506285429001, -0.01863839104771614, 0.014760256744921207, 0.0040208082646131516, 0.004737420007586479, 0.009591572917997837, -0.007555228192359209, -0.0043093981221318245, 0.006459233816713095, -0.01079132966697216, -0.008326963521540165, -0.010480041615664959, 0.0010505982208997011, 0.00953320600092411, 0.014435998164117336, -0.018910767510533333, -0.00783409085124731, -0.013878272846341133, -0.0009298118529841304, -0.0028259146492928267, 0.0243972260504961, 0.015006693080067635, 0.0017688312800601125, 0.00011105860903626308, -0.007412554230540991, 0.004919004626572132, -0.0174840297549963, -0.0043483092449605465, -0.013618865981698036, -0.032840922474861145, -0.015123426914215088, 0.005972845479846001, -0.010408705100417137, 0.0013229756150394678, -0.007801664527505636, -0.003206918714568019, -0.002190367551520467, -0.007587654050439596, 0.010538408532738686, 0.02230899967253208, 0.0049092769622802734, -0.0006562185590155423, -0.010875637643039227, -0.007989734411239624, 0.002089847344905138, 0.012840645387768745, -0.001520773395895958, 0.00032871728762984276, 0.03927421569824219, 0.0015361757250502706, -0.011349054984748363, 0.0008819837239570916, 0.0038813769351691008, -0.0013108159182593226, 0.013197329826653004, 0.011387966573238373, 0.0037840991280972958, 0.006206311751157045, 0.008819837123155594, 0.012127275578677654, -0.0022892665583640337, -0.001864487654529512, -0.010460586287081242, -0.0133335180580616, -0.0019406884675845504, 0.003218267811462283, 0.017393236979842186, 0.006673244293779135, -0.005009797401726246, 0.005262719001621008, 0.014215501956641674, 0.010934003628790379, -0.006381411571055651, -0.008625281974673271, 0.01084321178495884, -0.01184841338545084, 0.006533813197165728, 0.024228611961007118, 0.012483960948884487, -0.009662909433245659, 0.00489306403324008, 0.007840575650334358, 0.003550632856786251, 0.006400866899639368, -0.0020720132160931826, -0.018378984183073044, -0.005606433376669884, -0.012957378290593624, 0.004049991257488728, 0.0036868215538561344, -0.019312849268317223, 0.03377478942275047, -0.027030207216739655, 0.006880769971758127, 0.013158419169485569, 0.004685538355261087, 0.019585225731134415, 0.01105722226202488, 0.002983180107548833, -0.006293861661106348, 0.005158956162631512, 0.02072661742568016, 0.004393705632537603, -0.03808094188570976, 0.005204352550208569, 0.0009411609498783946, -0.004049991257488728, -0.02918328531086445, 0.021414045244455338, 0.003035061527043581, -0.008696618489921093, 0.021465927362442017, -0.018275221809744835, 0.007749783340841532, -0.007801664527505636, 0.004367765039205551, 0.022101474925875664, 0.022049592807888985, -0.016161054372787476, 0.001156792975962162, 0.01662798784673214, 0.010992370545864105, 0.007049384526908398, 0.00281780818477273, -0.0166020467877388, 0.012490445747971535, 0.0074838912114501, -0.00425751693546772, 0.027704665437340736, 0.002550294855609536, 0.012386683374643326, -0.013761539943516254, -0.002034723525866866, 0.020869290456175804, 0.0036252124700695276, -0.0029702098108828068, -0.0006241980008780956, 0.009455383755266666, 0.012004057876765728, -0.0038230102509260178, -0.002042829990386963, 0.0019098838092759252, 0.009727761149406433, 0.007503346540033817, -0.0010052020661532879, 0.0002399514487478882, 0.027912190183997154, -0.002036344725638628, -0.01775640808045864, -0.025136535987257957, 0.012127275578677654, -0.006430050358176231, -0.0003183815279044211, -0.004844425246119499, -0.009675879962742329, -0.016848482191562653, 0.009273799136281013, 0.03649856150150299, -0.01630372740328312, -0.007866516709327698, -0.012133761309087276, 0.010116872377693653, -0.0038586787413805723, 0.0027010750491172075, -0.003476053476333618, 0.009053302928805351, 0.020117010921239853, -0.005843142047524452, 0.004636899568140507, -0.0021190308034420013, -0.006190098822116852, -0.020869290456175804, 0.0006914816913194954, 0.025071684271097183, 0.0308175478130579, -0.00150780298281461, -0.017665615305304527, -0.00784706138074398, 0.003146930830553174, -0.0017428905703127384, -0.027730604633688927, -0.00552861113101244, 0.03323003277182579, 0.022075533866882324, 0.018028784543275833, -0.025097625330090523, -0.004672568291425705, -0.0050000692717731, -0.015330951660871506, -0.012373712845146656, -0.021427016705274582, 0.010142812505364418, 0.019909484311938286, 0.02827535942196846, -0.0038424658123403788, 0.012146731838583946, 0.012769307941198349, 0.02626495622098446, 0.017185712233185768, 0.006436535622924566, 0.023956233635544777, 0.011426877230405807, -0.012581238523125648, -0.023541182279586792, -0.02661515586078167, -0.0266670361161232, -0.0032636639662086964, 0.020648794248700142, 0.005246506072580814, 0.00655975379049778, -0.010538408532738686, -0.02749713882803917, 0.01619996502995491, 0.016563136130571365, -0.02498089149594307, -0.02198474109172821, 0.00686131464317441, 0.03252963349223137, -0.006235495209693909, 0.007049384526908398, 0.006550026126205921, 0.029338927939534187, 0.013048171065747738, 0.010875637643039227, -0.0016634472412988544, 0.0005386747652664781, -0.00301560596562922, -0.01334648858755827, 0.02573317103087902, -0.01222455408424139, -0.007665475830435753, -0.017497001215815544, 0.003946228418499231, -0.009513750672340393, -0.0033431074116379023, 0.0034792961087077856, 0.022023651748895645, -0.011660343036055565, -0.012120790779590607, 0.0015961634926497936, -0.006958592217415571, -0.006365198642015457, -0.0014040402602404356, 0.011783561669290066, -0.00017651834059506655, -0.007509831804782152, -0.016511254012584686, -0.010888608172535896, -0.0016958730993792415, 0.010421674698591232, -0.016135113313794136, 0.01909235306084156, 0.03631697595119476, -0.03491617739200592, 0.024215640500187874, -0.01657610572874546, -0.02062285505235195, -0.02313910238444805, -0.014423027634620667, -0.014902930706739426, -0.0011673313565552235, -0.003589543979614973, -0.03802906349301338, 0.00593717722222209, -0.005437818821519613, -0.00021907729387748986, -0.0015985955251380801, 0.009617513976991177, -0.002676755655556917, -0.007697902154177427, -0.0023914079647511244, 0.0006521653267554939, 1.4597975450669765e-06, 0.005616161040961742, 0.004646627232432365, -0.013158419169485569, 0.01569412276148796, -0.024163760244846344, -0.004704994149506092, -0.0012905496405437589, -0.006368441041558981, 0.02334662713110447, 0.00954617653042078, 0.01499372348189354, -0.008307508192956448, 8.410460577579215e-05, 0.00933216605335474, 0.006841858848929405, 0.005784775596112013, -0.02747119776904583, 0.012957378290593624, -0.028067834675312042, -0.0005998786073178053, -0.01657610572874546, -0.0022244148422032595, -0.026744859293103218, -0.028456944972276688, 0.0036641235928982496, -0.0058334143832325935, 0.031102895736694336, -0.014085798524320126, -0.006261435803025961, -0.015551447868347168, 0.0038230102509260178, -0.013476192019879818, 0.019753841683268547, 0.017847198992967606, -0.009500780142843723, 0.056083787232637405, -0.027626842260360718, 0.0030107421334832907, 0.014267383143305779, -0.01369668822735548, 0.015953529626131058, -0.008858747780323029, -0.0022471128031611443, 0.0037840991280972958, -0.00037228953442536294, 0.028431003913283348, -0.008612311445176601, 0.00016891853010747582, -0.0017996358219534159, 0.016861453652381897, 0.008832807652652264, -0.03138824552297592, -0.004147268831729889, -0.004238061606884003, -0.0032620427664369345, -0.0031825993210077286, 0.009085728786885738, 0.007140176836401224, -0.002167669590562582, 0.021621571853756905, -0.011796532198786736, -0.013631836511194706, 0.025292180478572845, 0.044566117227077484, 0.029312988743185997, -0.007717357482761145, -0.0029442692175507545, -0.01713383011519909, -0.011764106340706348, 0.008612311445176601, -0.009928802028298378, 0.012133761309087276, -0.0133335180580616, -0.002015267964452505, 0.013035200536251068, 0.004066204186528921, 0.008625281974673271, 0.024864157661795616, 0.015525507740676403, 0.029650216922163963, -0.011965146288275719, 0.013969065621495247, -0.020843349397182465, 0.019805721938610077, 0.0023784376680850983, -0.0101233571767807, -0.010246575810015202, -0.0030707300174981356, 0.00083334487862885, 0.016563136130571365, 0.0033236518502235413, -0.0349680595099926, -0.011757620610296726, -0.021517807617783546, -0.01416362076997757, 0.01022711955010891, 0.006731610745191574, 0.00998716801404953, -0.012146731838583946, 0.009448898956179619, -0.02173830382525921, 0.006932651158422232, 0.0026799982879310846, -0.024267522618174553, 0.005651829298585653, 0.008339934051036835, -0.023813560605049133, -0.017146801576018333, 0.01083024125546217, -0.0007636292721144855, 0.007477405946701765, -0.009059788659214973, 0.003933258354663849, 0.02817159704864025, 0.0019520374480634928, 0.0074838912114501, 0.004734177142381668, -0.026200104504823685, -0.013969065621495247, -0.00979909859597683, 0.006449505686759949, -0.013930154033005238, 0.0025875845458358526, 0.012996288947761059, 0.0029556183144450188, -0.013061140663921833, -0.01632966846227646, -0.025668319314718246, -0.02575911208987236, -0.008365875110030174, -0.0076460205018520355, 0.016342639923095703, -0.0026751344557851553, 0.018145518377423286, 0.0023914079647511244, -0.005693983286619186, 0.012730397284030914, -0.025499705225229263, -0.009526721201837063, -0.024643663316965103, 0.033826667815446854, -0.01083024125546217, -0.003002635668963194, -0.008845778182148933, -0.03003932721912861, 0.011005341075360775, 0.009656424634158611, 0.005732893943786621, 0.005564279388636351, 0.0010303320595994592, 0.016212936490774155, -0.006660274229943752, 0.008826321922242641, 0.0006152809364721179, 0.015590359456837177, -0.009474840015172958, 0.02827535942196846, 0.0024416681844741106, 0.011530639603734016, 0.008547459729015827, 0.0008357768529094756, 0.02495495043694973, 0.010998855344951153, 0.013605895452201366, 0.015862736850976944, -0.006115519441664219, -0.005155713763087988, -0.0126396045088768, 0.007983249612152576, -0.0017801803769543767, 0.0034338997211307287, 0.014007976278662682, -0.01965007744729519, 0.008171319961547852, 0.007827605120837688, 0.016757691279053688, 0.000498953100759536, -0.0010870773112401366, 0.01869027316570282, 0.010110386647284031, -0.009896376170217991, -0.007898942567408085, -0.024332374334335327, -0.005077891517430544, 0.021569689735770226, -0.006326287519186735, 0.00090549245942384, 0.03429360315203667, -0.004747147671878338, -0.003048031823709607, 0.020532062277197838, 0.009085728786885738, 0.011102618649601936, -0.0036349401343613863, 0.004166724625974894, 0.02278890274465084, 0.005723166279494762, 0.01786017045378685, -0.011238806881010532, 0.02273702062666416, 0.009137610904872417, -0.009299740195274353, -0.009487809613347054, 0.015551447868347168, -0.012470990419387817, 0.0027480926364660263, -0.012354257516562939, 0.012159701436758041, 0.00621279701590538, -0.028716351836919785, -0.007068839855492115, -0.0071985432878136635, -0.0016123764216899872, 0.022724051028490067, 0.025136535987257957, -0.0039105601608753204, -0.004656355362385511, -0.007671961095184088, -0.00977315753698349, 0.012924952432513237, -0.0028388851787894964, 0.03003932721912861, -0.0030188485980033875, 0.003352835075929761, 0.008638252504169941, -0.0009184628142975271, -0.00875498540699482, 0.00413754116743803, -0.006005271337926388, 0.009669395163655281, 0.0012248873244971037, -0.007406068965792656, -0.0011292309500277042, -0.003894347231835127, 0.011550095863640308, 0.0010262788273394108, -0.0073152766562998295, 0.02749713882803917, 0.007866516709327698, 0.007172602694481611, -0.008923599496483803, -0.022296030074357986, -0.001269472879357636, 0.033671025186777115, -0.010732963681221008, -0.0062387376092374325, 0.03595380485057831, 0.01405985839664936, -0.0076460205018520355, 0.0029718312434852123, -0.0033949888311326504, 0.03891104459762573, -0.023502271622419357, -0.010298456996679306, 0.017094919458031654, -0.004111600574105978, 0.005768562667071819, 0.00568425515666604, -0.01984463259577751, -0.018923738971352577, 0.025486735627055168, 0.012620149180293083, 0.0037062771152704954, 0.018132546916604042, -0.004442344419658184, 0.0020849835127592087]"
